StudyHours,Attendance,Score
6,89,66.13
19,27,77.72
14,95,86.46
10,65,66.4
7,30,32.44
20,2,71.59
6,7,19.43
18,23,68.72
10,14,37.83
10,42,64.03
20,30,76.15
3,72,42.42
7,44,46.2
2,65,41.59
20,7,62.71
1,70,32.53
11,56,58.36
5,79,58.91
1,98,43.26
20,29,73.26
0,73,41.47
11,17,41.03
11,68,77.87
16,92,85.28
9,38,41.19
15,59,62.93
14,97,100.0
14,42,58.28
18,44,66.07
11,22,40.94
19,68,84.04
2,93,49.48
4,5,14.71
18,55,85.52
6,3,18.63
20,92,100.0
8,22,32.09
6,5,12.94
17,31,57.27
3,17,15.68
13,14,46.42
17,39,68.31
8,95,62.45
20,72,97.01
1,100,61.15
19,73,92.93
14,83,80.6
6,5,20.2
11,62,58.48
7,66,48.16
14,10,49.26
2,42,31.95
13,16,46.26
16,95,85.63
3,3,12.27
17,62,92.34
7,67,53.28
3,80,48.11
1,40,18.64
5,82,58.41
9,4,25.65
3,31,29.61
17,85,90.21
11,69,69.21
1,34,19.77
9,21,45.28
3,64,43.05
13,83,87.44
15,21,56.04
14,10,46.15
7,76,58.81
13,2,36.14
7,8,27.66
20,59,86.05
15,75,83.06
12,86,83.28
17,13,65.42
14,96,90.81
20,17,72.81
12,72,75.71
8,22,33.09
14,73,89.04
12,82,74.12
0,46,23.45
6,68,59.27
8,46,54.15
0,86,43.07
11,29,52.45
7,24,31.88
10,27,41.06
18,97,96.44
16,24,63.62
7,73,61.65
2,77,41.66
2,57,35.84
0,93,59.75
4,40,37.73
9,24,34.49
6,77,61.51
8,98,68.52
6,47,27.02
8,97,72.4
7,9,33.32
11,98,88.99
1,74,41.89
0,10,2.29
15,84,89.43
4,20,20.65
2,85,45.93
11,44,60.31
7,6,21.37
2,80,51.64
0,63,28.54
2,63,47.79
4,1,4.3
14,75,74.72
13,41,58.72
2,81,36.58
0,53,13.65
4,74,39.12
13,15,45.04
6,17,25.17
8,98,74.66
14,58,70.01
14,89,88.0
9,15,32.25
12,5,42.07
18,56,84.97
6,46,39.37
16,47,74.17
19,41,76.55
3,75,38.89
4,59,46.02
6,76,51.47
12,3,41.97
14,1,44.12
10,89,74.08
3,58,28.62
12,26,56.7
6,26,29.18
18,78,96.17
1,71,37.93
9,6,28.64
12,62,67.96
20,45,82.63
5,62,44.67
11,11,38.22
11,12,41.14
19,42,80.49
10,16,38.22
6,62,52.1
0,80,37.88
0,35,28.62
19,84,100.0
12,7,43.31
8,68,48.29
2,89,53.53
6,79,55.82
5,35,27.61
7,27,32.69
8,92,65.66
4,46,37.53
0,75,45.58
18,100,100.0
9,29,55.31
11,22,36.23
14,15,46.97
8,13,25.78
19,73,99.65
16,70,81.9
16,51,74.45
19,36,78.17
11,28,39.73
6,66,47.89
1,14,14.99
2,99,52.76
16,46,62.43
4,45,29.99
16,51,72.07
16,18,57.83
16,76,85.65
1,20,9.93
1,63,39.2
4,36,29.35
0,26,14.05
0,54,24.2
18,28,75.54
1,19,10.54
20,24,72.37
11,69,72.67
5,62,47.4
3,35,27.78
10,1,20.63
16,21,61.9
5,95,62.78
4,15,22.21
19,17,66.42
1,68,34.2
5,53,45.97
10,99,80.49
15,29,53.05
15,44,73.54
0,18,1.85
8,86,71.5
5,33,38.93
15,12,45.47
2,42,26.39
19,61,86.42
3,92,54.15
18,99,100.0
2,21,11.03
18,51,77.97
19,51,90.02
6,35,33.89
19,72,88.32
8,18,34.32
0,37,22.53
7,69,53.54
6,78,59.77
17,56,72.12
7,19,23.89
0,8,1.8
10,31,48.45
17,3,56.31
9,49,45.59
2,81,50.12
6,4,20.83
15,19,50.1
15,86,81.33
19,74,95.15
16,36,72.45
1,21,13.68
0,57,23.83
15,67,69.16
11,92,86.65
4,43,38.71
4,33,30.01
8,76,69.39
8,41,45.62
2,8,7.34
18,94,100.0
15,6,43.85
15,67,73.52
2,18,18.86
19,93,100.0
0,30,8.63
19,34,67.82
10,56,55.77
16,84,86.44
7,60,53.38
3,30,24.24
5,82,61.82
7,94,69.59
19,52,79.78
2,31,12.04
15,65,78.4
2,58,26.45
17,9,52.22
13,1,35.89
17,65,80.96
1,59,25.92
2,87,45.87
15,16,58.73
8,95,77.22
3,15,24.16
0,15,7.55
3,45,32.86
0,38,24.8
13,30,46.65
20,87,100.0
15,0,51.51
19,10,57.56
7,84,69.91
6,3,29.79
2,70,44.89
16,25,63.47
0,49,18.9
15,11,55.85
11,94,74.87
18,80,95.85
13,96,89.36
5,74,35.52
5,91,62.53
12,95,96.61
18,64,75.54
7,46,43.73
1,91,38.76
20,52,81.53
0,70,25.35
14,1,43.3
0,23,15.47
4,3,15.55
15,18,49.35
18,25,63.45
3,74,47.36
2,39,21.01
16,49,65.86
16,42,67.8
11,74,65.28
13,66,74.06
20,11,71.99
5,66,60.99
2,26,20.69
8,53,53.73
4,65,41.5
16,48,69.31
13,15,52.92
20,1,59.12
2,59,35.86
0,53,32.61
19,29,70.16
20,83,100.0
0,37,21.37
2,27,21.78
17,24,59.76
9,95,77.05
2,9,8.35
7,59,52.85
13,41,58.99
17,39,75.33
14,96,89.84
1,76,51.19
9,41,46.12
1,46,23.33
16,36,67.73
7,79,65.89
0,21,15.85
8,56,52.83
10,83,73.2
15,26,59.7
6,40,32.61
9,79,71.62
2,33,16.21
17,31,61.12
12,89,80.78
6,88,60.4
3,65,45.48
12,11,43.74
19,39,77.19
0,72,30.37
7,75,58.63
13,89,83.24
15,72,82.11
13,9,41.35
11,95,83.11
18,97,100.0
14,47,67.65
1,19,16.48
1,38,19.33
18,59,79.64
16,65,82.88
19,64,82.39
9,50,57.56
5,35,32.55
14,23,52.93
10,26,45.73
4,1,14.92
0,30,15.03
7,56,53.39
20,77,95.14
11,65,69.06
11,28,41.61
4,14,21.55
6,11,21.86
3,100,52.44
5,27,29.78
12,83,77.33
19,23,60.79
14,20,41.43
2,9,9.74
7,77,67.59
19,100,100.0
15,17,50.16
12,87,84.91
17,13,62.04
9,33,49.86
18,57,85.92
16,75,89.93
18,21,68.16
4,69,44.11
20,35,69.31
8,44,43.39
11,35,56.02
20,21,68.59
0,77,37.77
0,79,33.67
14,60,69.24
1,99,52.45
15,55,74.96
7,88,62.71
12,95,80.86
20,32,80.21
0,44,23.63
15,35,64.74
6,19,35.14
4,17,17.97
2,37,24.25
11,66,68.76
15,22,51.64
18,95,100.0
4,15,19.61
13,58,81.89
4,68,46.5
14,67,81.28
16,20,62.15
13,77,71.72
19,94,96.26
4,77,51.74
11,69,73.79
15,11,51.94
15,15,52.89
20,80,98.58
6,86,54.38
3,13,10.7
0,60,21.89
4,70,41.48
9,45,46.87
4,31,31.38
3,14,13.77
1,43,25.78
19,16,65.68
9,40,49.5
18,53,75.33
0,43,26.8
4,97,53.46
12,4,35.76
3,26,21.9
15,86,91.8
15,77,90.4
1,78,45.84
16,42,76.08
19,96,100.0
11,30,53.95
17,98,100.0
2,16,2.02
0,91,44.4
0,82,44.01
18,53,77.92
10,61,55.07
4,86,65.57
11,31,49.06
2,39,26.19
0,12,0.0
0,83,38.44
7,34,33.51
9,4,34.39
10,72,68.52
11,28,44.15
12,69,73.3
11,24,43.73
13,94,87.17
1,21,14.65
18,65,88.6
17,44,74.5
2,68,42.11
16,90,99.28
7,88,68.2
9,71,60.82
1,0,2.51
18,83,100.0
8,43,46.06
6,86,59.13
3,95,53.34
20,74,98.37
17,38,65.73
12,53,68.92
10,87,68.31
3,74,53.39
20,28,72.57
3,53,30.12
9,89,72.45
4,15,14.73
8,98,73.17
2,19,12.61
16,45,75.23
2,66,39.68
15,64,71.06
3,57,34.51
17,52,80.52
16,0,54.44
6,80,57.77
4,65,39.28
11,28,52.27
16,83,93.0
12,69,77.03
2,7,10.95
8,28,35.4
16,50,75.58
16,32,65.63
19,2,55.13
15,59,75.49
12,34,52.02
18,68,91.72
16,90,95.46
3,75,41.24
11,83,68.74
8,19,33.05
18,72,90.16
11,38,55.8
8,3,28.07
6,18,34.29
13,90,81.66
19,44,76.38
18,42,70.2
14,12,51.75
15,12,51.11
20,59,80.23
4,56,41.01
2,85,49.83
11,91,77.78
19,51,83.98
20,52,79.9
3,85,59.71
20,42,82.9
15,82,77.13
6,71,53.47
12,71,73.53
20,41,74.94
9,89,74.17
6,25,38.9
13,22,46.78
4,42,35.14
2,76,45.04
10,27,48.34
10,8,33.46
17,19,55.17
14,55,74.02
11,82,68.96
8,38,52.04
9,50,54.8
11,11,35.51
16,78,92.54
5,94,61.95
6,54,43.89
13,77,74.1
12,10,31.61
7,25,36.52
9,41,39.36
8,26,33.03
17,10,58.16
1,37,19.0
4,97,61.29
4,42,26.93
5,18,22.26
18,63,86.32
7,5,18.74
15,45,75.93
12,41,53.31
0,91,52.39
19,64,88.16
16,98,89.16
6,71,47.82
12,58,65.88
3,51,39.66
3,46,40.85
5,6,18.64
18,10,53.11
11,60,64.39
6,67,47.37
9,24,40.96
18,11,54.79
6,25,20.05
2,11,18.08
12,42,55.87
12,50,61.25
17,36,73.98
19,45,88.89
7,52,50.6
8,87,68.02
6,79,59.81
0,12,4.53
2,88,50.18
12,53,63.22
16,56,72.07
0,3,1.61
5,74,53.84
20,95,100.0
5,48,41.19
11,6,29.3
12,10,47.15
12,91,87.23
14,53,68.02
20,86,100.0
15,44,65.92
20,22,74.76
10,27,39.43
4,56,46.71
3,25,25.01
2,24,21.63
18,53,79.97
19,28,63.94
17,82,96.42
14,96,83.1
8,35,45.98
16,13,50.64
13,77,69.56
14,34,59.0
0,29,20.41
20,91,100.0
2,16,22.0
15,66,81.28
10,79,70.28
11,29,45.32
9,92,71.17
15,44,69.15
7,78,64.23
5,88,56.03
11,50,53.97
20,46,81.93
7,52,53.97
3,63,34.42
7,37,45.21
17,63,82.71
4,86,46.74
8,88,65.69
3,6,15.05
16,21,67.51
8,80,57.36
0,81,26.4
20,40,73.45
19,73,99.15
12,9,31.53
15,56,80.49
12,6,45.07
13,49,64.46
2,90,47.87
5,51,40.78
17,32,70.06
18,0,56.29
4,52,46.7
14,59,70.2
1,33,13.0
9,3,21.11
17,16,50.61
12,3,38.48
4,42,31.83
0,89,44.66
0,3,0.0
17,0,45.45
14,70,80.07
16,93,82.18
10,49,50.49
20,72,99.93
16,60,73.5
12,34,54.96
0,7,0.0
1,23,12.22
8,82,67.87
2,35,17.11
0,49,28.23
20,42,81.23
15,26,64.28
5,31,31.54
16,77,81.15
4,17,29.14
4,27,20.57
5,28,27.86
2,15,18.29
20,98,99.6
4,46,42.2
20,58,83.25
4,30,24.73
9,3,29.94
9,36,44.79
18,16,65.95
16,38,59.0
20,47,87.14
13,45,65.54
8,89,73.65
13,47,54.55
0,38,11.66
18,3,53.79
12,29,43.7
12,29,41.48
3,21,17.57
0,74,38.17
16,65,94.49
7,11,29.24
1,93,58.26
7,35,38.28
6,17,29.3
1,89,46.77
2,52,45.42
17,70,82.57
11,0,30.25
0,57,32.48
11,89,78.54
4,86,52.88
16,89,97.3
15,5,47.29
14,69,76.26
14,43,64.65
4,71,38.83
20,23,63.53
13,85,86.93
1,18,8.62
10,100,79.34
18,17,70.56
6,94,64.56
5,100,63.95
1,29,21.98
5,41,32.51
17,32,73.01
1,73,43.88
17,100,100.0
14,11,44.05
18,93,100.0
1,26,18.77
19,38,69.37
5,8,6.02
0,20,6.01
14,75,80.96
9,28,43.19
18,32,69.7
16,61,78.25
4,14,18.37
3,1,14.66
9,51,45.32
16,43,70.84
9,53,49.39
16,17,51.97
19,2,63.88
4,6,10.08
1,42,23.3
5,81,65.29
20,37,82.69
1,36,18.73
12,57,62.64
10,32,39.86
10,58,65.5
15,94,97.06
10,10,38.43
18,67,91.48
14,81,78.63
15,67,70.76
10,97,81.3
15,92,95.44
7,87,72.54
3,21,18.5
7,65,51.77
3,43,29.3
2,5,11.85
2,41,25.09
17,24,62.74
18,56,86.16
18,84,92.87
20,54,93.96
4,15,22.67
17,94,88.71
9,13,30.92
20,38,68.88
5,27,27.52
0,95,45.01
4,91,61.67
8,50,44.59
11,48,58.94
13,8,45.84
1,57,32.79
16,44,75.7
13,21,59.84
12,31,52.06
8,68,60.03
14,86,80.6
14,68,70.9
10,41,55.67
15,52,75.51
16,95,90.35
3,58,31.46
0,73,33.26
7,38,39.29
16,14,52.95
2,70,41.8
19,28,75.59
14,2,45.31
14,82,85.68
13,9,31.24
13,91,76.43
1,28,13.02
12,78,71.84
13,34,60.2
18,5,52.11
6,11,26.83
2,37,20.57
14,76,74.0
13,92,79.23
10,18,50.29
14,66,70.96
12,7,42.95
17,7,46.71
5,83,63.59
2,46,30.75
18,3,56.87
14,50,69.07
4,84,56.62
9,66,64.05
6,44,37.0
16,7,48.21
6,86,61.25
11,15,43.92
16,76,85.67
12,66,72.87
19,8,64.09
3,59,37.42
9,77,56.76
2,76,41.48
8,70,67.71
12,14,44.7
17,70,82.8
14,97,91.75
3,40,32.38
14,21,49.3
1,23,20.68
14,100,94.48
7,43,37.0
7,0,25.28
16,9,50.45
11,79,71.6
18,71,84.42
9,55,57.66
8,88,67.26
4,49,39.87
5,11,17.75
19,88,97.67
1,80,39.27
12,59,67.48
5,25,24.1
4,77,49.48
0,40,17.41
20,35,79.7
20,22,62.32
5,42,37.24
5,5,26.16
15,68,85.18
3,42,26.92
10,24,44.47
8,17,34.0
2,61,43.85
18,12,47.45
7,42,47.56
4,77,49.16
3,27,18.78
5,17,19.64
1,58,25.5
19,59,83.43
10,62,55.6
3,56,37.9
14,91,90.45
5,50,38.72
16,55,83.0
5,26,25.26
18,31,67.96
1,8,4.64
14,95,92.49
10,83,75.0
7,91,68.98
18,96,100.0
12,67,62.8
11,45,53.9
4,97,67.89
5,66,53.07
3,25,22.97
18,7,55.58
19,5,59.43
0,79,37.6
19,23,74.47
16,47,67.31
11,93,84.12
14,44,61.35
0,12,12.6
13,68,75.13
5,24,23.25
4,19,19.95
10,81,74.06
3,81,47.0
12,65,68.61
10,73,63.94
2,44,36.8
0,46,32.66
5,62,53.32
17,75,87.88
9,76,62.99
4,54,35.1
9,74,71.68
11,18,46.65
1,34,24.89
12,52,60.75
7,25,24.71
1,13,1.86
19,44,79.29
0,43,18.89
4,87,52.31
8,64,57.73
16,50,78.07
8,42,41.49
10,85,65.97
14,22,49.61
5,55,37.28
2,18,17.96
16,81,88.48
4,75,58.9
11,54,63.67
17,91,100.0
13,91,77.48
20,59,73.24
10,58,60.21
8,32,40.62
1,18,11.39
11,27,46.98
2,51,25.88
2,48,32.82
0,36,21.68
7,25,27.5
7,98,68.23
10,97,77.04
8,98,69.65
4,39,25.69
13,79,78.56
2,37,25.8
20,76,94.95
4,86,49.55
4,53,40.55
18,21,60.66
13,15,44.95
3,27,20.32
12,34,59.23
9,59,52.89
17,44,81.63
7,45,47.26
7,71,65.6
6,54,48.32
7,85,62.39
13,84,76.41
18,25,64.72
5,84,64.44
0,24,11.76
14,64,77.3
0,5,3.53
16,22,60.25
0,63,32.94
14,86,87.48
1,42,19.93
13,22,48.63
20,95,100.0
7,29,36.32
7,76,56.69
18,17,64.58
6,86,57.14
18,78,86.88
5,96,64.47
5,20,19.01
2,56,35.4
6,22,19.23
18,90,95.38
7,44,41.36
9,43,40.47
19,81,95.64
14,87,91.43
14,46,58.65
0,39,17.77
19,50,90.51
6,41,33.19
3,6,18.99
5,49,38.1
0,47,24.01
4,83,59.96
0,90,42.57
3,5,14.66
1,90,52.42
9,8,27.75
4,56,36.19
9,30,40.86
0,20,9.01
5,89,54.11
12,39,52.29
14,44,46.67
3,76,45.33
12,48,64.47
19,86,91.67
14,19,49.18
7,100,83.21
4,91,57.39
14,16,56.78
3,27,17.44
11,40,55.24
12,65,62.59
1,24,17.01
18,57,86.71
18,40,77.02
3,5,9.78
3,74,47.37
10,37,49.92
4,5,17.83
19,44,78.38
10,74,71.66
9,13,40.67
7,65,51.91
5,39,34.73
5,2,11.48
7,98,71.7
14,96,91.73
13,23,50.79
10,18,39.67
11,17,51.11
12,63,53.07
7,87,62.02
17,34,66.28
0,61,37.78
14,0,44.38
7,99,73.0
10,24,48.3
11,44,54.1
11,48,60.26
3,97,54.85
15,88,83.73
3,15,25.47
4,97,62.35
4,92,61.22
7,18,24.6
9,22,40.55
16,82,97.89
8,24,34.61
18,15,55.22
13,53,66.42
7,72,51.82
8,0,16.21
10,41,46.83
0,18,6.54
13,96,82.06
4,33,35.13
20,79,100.0
13,54,69.09
3,17,19.42
0,33,15.79
18,88,93.52
7,44,51.01
14,5,44.19
20,20,67.69
14,69,81.57
8,95,71.13
20,47,88.39
8,38,40.95
9,30,47.09
19,9,66.4
20,29,81.12
8,17,28.95
2,59,35.08
19,87,100.0
10,72,64.77
5,94,66.06
1,14,21.45
6,3,10.25
17,62,80.6
1,39,22.51
16,8,43.01
10,8,31.72
11,25,40.64
18,3,59.79
6,80,49.34
19,15,73.95
5,14,25.45
20,98,100.0
0,51,30.63
16,68,84.98
10,4,31.81
17,19,56.89
20,78,100.0
16,17,57.11
6,1,15.05
16,92,87.28
19,12,58.75
8,3,22.98
16,41,74.31
19,73,97.8
7,60,48.75
16,94,92.94
6,7,26.46
0,66,34.34
12,62,68.27
18,8,54.48
18,93,99.88
16,10,53.02
12,98,84.54
15,100,98.67
7,41,45.33
18,12,55.41
17,35,66.0
0,12,2.56
13,11,51.44
18,36,83.27
14,73,76.18
17,72,86.16
1,51,32.71
16,70,79.46
17,1,55.82
5,55,42.4
18,59,74.78
3,22,13.5
0,39,17.81
7,63,58.61
6,84,55.54
2,22,14.33
9,28,42.06
9,77,57.16
18,89,99.99
13,50,56.28
1,68,39.84
0,94,42.96
17,88,90.29
6,30,34.36
7,49,49.47
0,19,11.38
2,54,34.04
7,80,62.11
14,1,44.41
4,24,26.24
2,12,10.03
18,91,100.0
0,69,30.51
14,66,80.46
7,57,53.41
1,98,62.9
2,81,49.07
13,74,80.55
13,83,72.7
10,63,66.21
15,68,84.88
3,82,57.52
19,85,100.0
4,58,39.29
20,59,84.05
13,82,75.01
15,61,75.37
17,15,49.74
6,87,57.66
9,67,60.95
6,14,25.34
0,88,39.15
20,54,80.83
18,34,65.58
15,54,70.9
18,13,71.15
3,48,38.3
17,82,93.07
1,99,55.27
0,6,8.08
14,29,59.88
4,82,51.46
19,48,76.77
10,88,73.37
9,15,39.52
1,50,26.65
2,71,35.98
11,81,64.88
19,91,100.0
4,79,46.37
4,82,50.82
5,41,42.78
8,16,31.73
1,62,30.25
20,44,83.54
11,76,80.6
2,6,8.4
19,26,58.22
11,9,40.75
16,33,66.23
9,35,44.95
13,24,49.9
16,5,46.46
17,23,70.07
18,17,53.31
16,86,89.46
13,5,39.84
8,28,42.27
7,24,39.18
1,54,28.87
12,80,76.96
6,45,41.89
8,23,40.77
10,74,72.16
13,25,48.81
3,97,59.69
12,27,51.42
1,2,3.42
4,74,50.87
10,37,48.6
5,60,45.79
17,77,82.72
20,50,80.41
9,89,75.59
3,47,26.45
8,20,36.35
5,53,41.09
1,55,35.65
16,93,97.74
4,58,38.73
5,71,49.38
11,50,48.07
20,19,68.85
9,95,68.15
20,85,100.0
5,58,40.81
7,70,51.62
1,8,12.94
11,0,26.62
12,28,45.18
20,62,87.51
6,71,51.09
9,55,50.12
12,67,67.7
16,34,66.51
20,2,64.35
13,6,45.11
1,26,6.46
10,0,31.9
0,90,47.21
18,79,90.19
20,70,100.0
3,43,35.94
18,86,96.08
20,40,77.02
10,74,75.26
7,41,41.4
10,32,46.43
3,49,33.86
16,62,90.52
6,99,66.42
7,36,38.88
2,58,30.84
1,80,41.05
14,98,85.84
4,47,31.45
0,4,0.0
3,47,36.91
14,95,90.28
19,2,59.2
18,46,76.74
2,61,36.86
19,98,100.0
10,13,32.66
16,62,80.39
12,60,67.36
10,30,50.71
1,94,52.19
8,16,34.44
1,23,8.21
20,22,66.96
8,81,58.67
8,49,36.12
7,77,61.49
16,78,85.69
0,78,41.0
10,69,64.68
7,26,35.2
9,14,40.69
6,49,42.54
2,35,26.84
2,7,7.99
17,78,94.12
4,2,6.8
11,61,54.31
11,46,66.53
18,76,100.0
5,97,53.77
1,87,46.32
11,95,81.25
18,60,87.61
4,31,36.2
11,93,74.19
16,12,48.96
16,0,47.99
9,33,38.68
16,61,64.93
14,78,79.86
11,77,75.79
15,92,90.9
18,97,100.0
7,81,63.91
20,70,89.87
16,92,94.34
4,30,19.37
15,63,73.94
5,24,27.25
7,37,39.49
17,13,51.05
11,7,31.06
14,90,88.45
8,53,54.64
12,1,35.47
14,80,80.71
9,100,81.66
15,77,79.64
6,88,70.64
16,55,68.77
20,93,100.0
6,92,66.7
13,83,92.55
14,84,78.39
20,60,78.33
6,21,34.75
8,34,33.64
18,100,100.0
15,15,58.41
7,49,47.4
17,42,73.16
17,16,61.0
19,79,100.0
6,57,49.44
2,1,0.42
17,3,61.62
9,84,69.26
6,38,39.59
16,97,100.0
13,93,91.28
2,5,13.76
11,80,73.66
12,88,80.34
1,68,39.04
2,68,45.5
4,19,15.94
10,63,64.72
7,15,24.07
11,50,67.26
6,36,37.84
14,72,75.92
16,68,84.14
3,41,29.55
12,56,63.2
17,65,74.45
0,8,0.0
15,99,93.8
12,85,70.06
9,63,55.56
11,85,73.0
1,21,9.6
2,33,26.36
9,54,49.6
1,28,17.44
12,37,52.73
12,96,83.41
17,17,67.53
2,70,41.9
6,64,51.87
13,96,83.17
19,0,60.13
16,87,94.42
20,3,63.94
11,3,28.45
15,81,82.57
11,26,53.17
14,42,59.56
9,58,63.85
6,31,30.77
19,32,73.74
4,27,24.56
0,54,22.78
16,99,93.35
2,59,31.98
12,69,71.24
13,61,73.95
17,79,90.92
3,33,25.33
17,86,100.0
4,87,55.71
15,55,69.79
0,12,1.01
20,55,93.85
13,17,45.85
14,53,65.61
8,76,58.67
14,100,98.07
16,42,66.14
3,38,32.95
11,60,61.85
4,41,26.46
4,80,50.34
10,78,68.84
5,17,22.92
6,22,28.3
13,53,63.89
10,29,40.57
12,97,84.55
1,57,34.2
6,67,44.19
19,66,96.5
3,70,25.52
7,17,29.88
19,6,62.33
20,39,76.48
18,69,77.87
12,85,78.02
13,64,71.85
9,67,54.76
10,48,49.85
1,51,33.31
8,28,38.59
16,20,50.46
2,89,52.75
5,77,48.85
4,8,12.13
4,46,35.99
14,75,80.02
16,41,66.49
8,50,46.48
2,55,32.25
19,50,78.1
16,69,87.95
9,19,28.65
2,87,48.3
17,26,56.7
17,37,74.18
16,71,82.29
2,64,32.72
2,53,35.93
5,23,15.04
12,46,60.4
14,70,82.76
8,82,65.9
3,85,48.97
13,62,63.79
4,56,45.41
1,54,34.64
10,59,56.27
8,98,69.91
2,61,42.43
8,29,41.16
2,92,43.07
1,21,12.52
11,74,68.84
9,83,69.74
8,28,38.03
14,40,59.44
7,41,42.39
4,97,58.26
10,64,79.07
1,30,18.61
14,29,56.43
5,17,32.71
7,16,22.18
4,37,29.95
15,13,46.75
17,86,97.18
5,88,56.53
4,78,53.9
15,55,75.04
12,21,50.4
4,66,47.62
12,55,62.38
16,18,50.01
17,56,84.05
7,43,49.55
12,97,79.81
18,34,74.68
2,0,0.15
7,51,47.52
1,84,47.05
7,92,64.87
12,69,70.98
12,36,58.24
0,64,31.45
5,50,36.62
18,0,47.88
15,90,88.05
7,20,25.13
0,52,24.11
15,15,50.17
8,60,58.02
12,53,62.87
10,39,62.24
12,25,38.43
20,79,100.0
9,91,70.24
3,64,36.22
5,99,64.35
6,73,53.98
4,63,48.89
10,42,51.46
12,16,40.54
18,58,84.67
9,22,36.85
9,6,24.37
10,43,50.26
20,52,87.15
6,70,53.36
17,78,91.65
3,33,22.87
1,45,27.09
13,67,73.1
12,77,75.14
11,77,71.66
6,15,36.38
1,70,43.55
12,95,84.98
13,18,44.0
16,1,47.04
8,9,36.58
16,49,69.69
7,80,60.17
1,100,51.89
12,11,43.34
2,69,38.32
15,21,56.38
5,31,28.43
18,83,100.0
6,0,14.57
9,53,58.39
8,57,49.57
1,69,33.23
14,82,79.5
4,17,11.94
3,5,13.69
19,44,73.18
3,96,55.21
17,22,65.81
3,22,23.65
16,25,53.34
11,76,72.55
16,6,56.7
9,78,62.82
0,43,24.07
17,26,58.28
17,25,65.43
13,96,87.66
14,78,84.31
11,35,53.5
3,54,29.23
2,63,38.18
19,90,100.0
11,56,50.07
6,68,56.83
10,60,68.01
0,1,0.0
5,54,38.65
14,96,92.59
14,79,77.07
18,86,100.0
10,37,53.79
1,79,35.58
13,77,73.78
1,28,20.85
3,25,25.15
16,34,76.09
2,78,40.6
12,66,76.3
8,86,62.43
6,28,34.5
14,33,62.96
10,96,63.03
19,40,81.56
1,40,29.92
14,22,58.48
13,70,84.27
19,2,62.83
10,57,55.81
2,31,27.7
16,30,60.03
11,81,73.91
20,42,85.16
14,6,47.24
15,0,51.76
4,60,54.44
19,13,57.81
5,51,38.86
18,95,100.0
4,5,12.18
2,9,10.12
0,70,38.88
5,89,62.71
14,97,91.74
1,29,18.24
2,99,54.38
16,20,65.02
11,59,70.82
17,80,96.09
14,96,84.25
11,73,68.19
15,62,77.0
7,41,36.8
13,50,64.4
16,63,79.61
20,75,100.0
7,55,46.01
14,79,87.32
13,40,54.21
17,31,62.41
19,14,62.1
6,61,48.74
2,26,6.92
11,27,48.8
20,80,100.0
2,63,40.76
19,58,84.95
13,57,62.08
14,1,33.43
13,35,48.28
6,70,52.35
16,12,64.53
11,14,26.41
19,88,100.0
3,86,48.61
8,59,51.82
5,21,20.81
15,62,69.16
20,89,100.0
20,96,100.0
1,74,43.34
7,73,49.07
10,24,46.37
12,100,90.46
16,47,73.62
7,42,39.9
20,37,80.04
17,40,70.2
17,44,77.84
13,87,80.67
14,39,62.04
5,96,54.31
10,16,39.53
12,87,75.75
0,100,52.56
5,56,46.94
8,1,21.45
7,95,68.66
10,61,61.37
18,87,99.34
8,8,31.95
16,67,84.8
11,80,71.1
13,16,54.99
14,49,70.26
15,93,98.53
19,39,78.23
0,57,30.53
9,74,63.41
7,84,60.78
17,20,65.88
0,17,9.82
1,54,29.34
0,28,8.89
0,23,19.28
8,73,61.06
12,16,37.87
0,17,8.91
12,41,55.5
19,83,97.29
6,100,70.88
1,44,24.0
5,81,53.97
6,16,32.81
13,72,66.3
17,13,57.24
14,48,70.64
1,28,20.13
9,94,79.1
11,3,44.61
16,81,96.99
7,19,24.72
10,46,44.95
2,8,11.63
5,76,46.23
8,78,53.37
5,26,29.58
8,14,33.84
6,91,72.06
8,100,77.84
17,18,69.6
11,89,79.28
7,51,40.82
7,25,37.61
17,88,100.0
19,25,71.46
14,25,61.75
6,45,39.88
10,91,78.23
19,48,80.13
15,81,97.4
3,95,60.71
5,52,35.42
2,2,16.26
8,65,52.83
9,96,75.07
13,41,61.84
10,18,41.75
17,16,61.42
11,32,43.33
11,75,72.94
12,48,65.5
12,55,68.86
18,62,78.49
18,2,51.72
13,48,57.78
3,54,37.7
12,25,40.74
7,98,64.39
20,71,92.17
18,51,70.52
11,99,82.36
17,6,43.47
5,45,39.93
17,45,71.51
18,99,100.0
4,15,17.2
8,23,35.2
2,60,38.96
9,53,60.09
18,61,89.57
2,0,17.16
14,48,69.38
0,24,12.7
6,9,20.21
11,79,70.38
16,15,58.2
20,57,83.5
19,71,93.64
4,28,25.91
3,91,50.86
11,5,30.24
19,15,77.12
17,19,53.52
16,79,87.16
18,70,95.11
8,77,65.15
3,42,27.63
20,25,66.54
1,89,48.15
3,77,34.3
1,70,38.85
14,32,58.17
1,25,20.85
3,44,25.28
5,83,54.88
6,62,51.18
9,66,61.03
18,51,72.79
18,67,84.26
11,25,52.5
2,74,44.3
12,1,28.18
17,13,61.92
7,29,27.5
20,48,82.46
14,11,50.32
0,89,50.57
2,43,15.81
7,32,40.56
3,12,19.31
15,77,80.71
9,87,70.95
11,97,66.24
13,25,37.76
13,20,54.54
1,27,13.81
4,47,33.77
4,99,62.67
5,39,32.67
12,65,66.21
8,72,61.97
14,86,77.52
13,78,83.8
6,76,54.85
19,22,62.97
1,80,37.3
6,47,41.71
5,1,13.97
16,83,81.76
1,19,9.49
2,58,30.95
4,45,40.81
4,2,13.65
0,54,34.85
7,11,22.95
11,39,51.04
3,65,43.43
12,99,88.52
14,77,84.1
10,15,33.06
9,82,63.7
2,33,20.72
13,43,67.9
15,5,42.5
9,76,62.37
9,63,62.15
11,99,85.88
8,21,37.28
0,17,8.9
4,11,12.17
19,51,79.05
7,93,73.13
10,50,58.87
11,70,61.33
0,95,51.85
19,47,87.04
10,18,39.27
4,5,16.63
14,83,88.56
4,26,21.52
11,52,70.65
4,100,68.12
16,47,74.12
16,6,50.83
11,58,64.47
14,68,68.2
14,10,57.41
5,14,27.64
11,63,71.82
19,2,58.15
17,68,83.2
13,22,46.63
1,52,33.07
8,36,39.44
4,8,15.06
19,14,66.73
0,2,0.0
2,92,57.22
5,69,49.41
4,16,12.46
20,25,69.15
4,20,28.54
0,71,30.81
16,20,62.47
18,10,59.61
13,37,56.64
11,71,81.06
9,87,64.08
19,34,70.3
20,13,66.38
17,13,69.58
10,9,34.39
1,11,9.87
17,37,67.82
6,33,36.29
14,40,60.63
10,9,37.98
17,16,62.87
11,16,39.83
5,66,42.37
19,61,87.97
12,94,90.01
19,0,52.87
15,11,52.17
17,3,46.47
9,41,42.3
7,12,33.5
17,97,100.0
20,84,100.0
0,85,30.89
7,3,19.74
5,81,58.53
4,68,38.75
14,18,49.23
14,1,46.33
1,11,0.94
0,80,31.6
10,73,59.03
9,97,77.17
17,5,50.72
17,7,58.89
16,50,73.61
7,10,35.4
14,62,66.81
7,56,50.66
16,11,49.52
11,72,72.0
7,1,22.1
13,7,37.53
3,10,13.21
0,52,26.37
0,99,46.5
18,9,62.14
15,84,81.84
13,83,90.96
20,7,68.27
15,35,64.24
4,92,72.23
8,75,59.95
1,13,12.56
17,53,78.61
5,84,60.99
8,85,73.98
0,20,12.74
8,49,53.71
15,93,88.75
12,38,53.97
8,19,41.69
20,87,100.0
12,86,80.24
8,6,23.23
10,8,38.83
3,0,5.09
1,25,10.12
5,37,34.07
13,37,45.49
3,60,42.06
5,43,38.38
18,85,94.74
5,43,35.19
1,73,38.9
17,61,77.55
12,5,39.42
8,16,30.75
18,50,79.56
12,37,53.72
10,23,39.74
0,50,26.39
6,9,26.41
20,71,92.88
14,20,53.98
0,69,37.1
11,84,68.58
6,56,50.88
14,38,71.28
20,87,100.0
18,32,69.14
0,58,27.93
16,17,59.6
16,55,78.05
2,91,43.55
11,56,56.67
5,95,65.04
10,75,66.77
2,47,23.67
7,41,49.0
13,26,48.0
13,73,75.68
9,51,51.64
1,41,18.11
13,31,55.42
8,25,38.46
2,24,15.66
20,74,95.32
7,22,35.0
15,97,83.62
1,56,26.77
5,51,41.57
20,86,100.0
11,92,76.29
4,30,31.51
1,63,31.33
15,70,89.9
4,32,19.23
14,84,72.94
11,1,37.89
3,17,12.58
14,46,60.16
10,32,50.92
15,100,92.51
5,97,68.05
13,83,77.45
17,34,69.81
11,50,55.44
10,17,33.9
12,87,88.15
20,71,100.0
10,29,40.87
15,43,65.61
14,52,75.38
20,9,59.56
14,86,80.33
3,51,36.85
10,48,65.35
18,10,59.27
14,65,79.75
3,57,32.41
20,89,100.0
12,35,51.7
18,32,79.33
1,46,33.99
13,12,56.4
3,39,25.02
15,88,89.18
20,67,95.38
19,41,74.22
13,18,48.66
14,81,87.04
2,100,53.25
7,93,63.98
15,18,50.15
9,57,48.78
3,22,24.27
17,53,73.97
1,79,38.44
16,64,82.65
12,11,41.45
3,23,17.87
10,33,50.55
6,52,41.17
11,7,25.62
9,17,42.17
6,56,41.86
12,4,34.41
6,25,26.93
16,29,62.8
9,53,52.13
9,12,37.94
3,82,58.23
19,28,67.6
3,2,5.31
6,89,59.89
0,57,30.7
11,75,69.92
12,1,34.0
9,74,57.51
14,27,44.46
12,81,71.48
20,76,100.0
8,100,76.18
8,85,65.54
14,75,83.15
9,1,21.06
9,100,77.28
7,6,15.07
15,25,59.23
16,89,93.8
4,87,56.92
3,75,52.34
17,15,62.38
18,22,58.96
3,39,34.41
6,59,46.45
9,72,53.15
17,31,65.96
18,14,64.24
3,100,53.93
9,12,39.66
0,4,0.0
17,74,85.59
4,73,45.18
14,51,58.96
16,76,81.03
2,40,22.44
11,52,58.35
1,49,12.49
0,14,10.58
20,6,66.53
16,39,73.41
15,27,51.04
4,31,26.04
14,98,95.71
2,14,18.14
6,99,74.89
10,84,72.51
9,69,61.22
8,64,48.21
13,3,45.82
12,10,38.7
1,25,15.67
2,60,35.84
6,36,24.03
20,22,66.94
17,92,99.27
2,84,47.76
9,90,74.31
6,39,41.42
8,76,57.88
16,22,56.42
10,15,36.79
6,93,68.37
13,60,67.83
18,67,78.59
3,79,47.51
5,30,33.67
9,52,59.79
6,24,31.4
12,43,50.07
13,11,42.47
3,89,55.88
7,100,75.33
4,96,62.54
0,91,44.24
3,8,17.29
2,11,8.3
8,68,58.92
7,53,51.25
0,53,29.38
5,27,31.5
8,55,54.37
6,98,61.76
3,68,43.09
12,97,79.95
16,97,95.05
1,76,35.16
4,57,42.22
11,77,61.67
20,74,100.0
7,41,41.58
5,37,43.01
7,67,53.48
17,52,75.98
2,32,25.41
11,70,67.27
2,55,34.87
5,71,55.47
1,100,51.66
11,50,63.98
1,73,31.1
5,42,44.02
16,14,46.06
2,37,31.26
1,14,0.67
19,4,68.9
7,92,67.8
11,82,69.28
3,53,44.83
4,50,31.56
12,9,39.36
14,11,60.52
15,3,48.48
9,94,63.87
15,17,52.13
11,79,70.69
16,35,66.44
15,24,56.78
11,86,78.73
7,75,50.86
19,97,100.0
2,35,25.06
15,100,91.19
12,66,74.48
18,8,54.29
7,60,51.72
4,52,37.48
19,17,60.43
7,42,42.3
11,34,43.44
0,62,28.78
20,97,100.0
19,77,88.36
5,3,19.62
17,92,98.3
7,40,43.66
6,44,40.01
0,49,18.75
20,78,99.0
15,27,61.62
11,41,47.55
5,79,48.95
19,75,93.27
1,68,35.14
13,97,87.42
3,0,7.54
0,38,19.8
17,95,100.0
12,89,83.19
1,16,11.28
8,90,63.47
20,87,99.89
1,34,24.21
8,45,44.16
0,41,15.66
10,38,59.49
2,89,58.12
19,48,80.38
3,61,34.09
17,37,73.12
5,22,23.55
2,21,20.94
10,3,29.05
14,48,74.23
4,58,38.41
19,72,100.0
9,67,61.48
11,70,74.92
14,86,82.3
16,1,41.94
9,48,39.47
5,87,64.88
17,94,98.34
12,30,44.76
2,39,32.09
9,47,56.28
13,50,70.91
5,42,29.3
2,97,60.73
15,54,73.92
6,87,68.64
19,48,83.71
13,89,84.37
8,79,69.8
14,56,74.26
20,76,100.0
2,14,10.56
1,26,15.14
1,67,27.83
2,79,42.7
17,63,86.45
13,93,88.32
19,29,66.6
17,35,74.91
9,66,74.87
1,85,40.99
0,85,41.47
3,48,29.89
13,75,76.03
0,54,28.37
13,84,77.51
15,55,71.12
13,67,72.94
19,94,100.0
2,43,34.83
2,30,20.93
8,57,49.69
5,86,61.48
12,52,64.0
20,83,100.0
1,78,44.43
7,22,30.08
20,27,70.85
1,15,1.0
3,36,25.36
14,20,43.19
3,78,44.8
12,16,46.9
11,36,43.47
12,76,73.05
13,18,48.33
19,29,70.31
17,44,70.59
5,17,25.13
10,77,70.82
1,61,33.51
18,35,69.37
18,99,100.0
4,83,46.95
18,51,82.94
1,18,14.1
9,43,49.5
1,6,5.95
10,43,42.05
17,67,91.44
14,33,62.69
8,65,51.69
18,68,91.79
8,54,51.94
2,9,7.58
20,95,100.0
8,41,42.35
13,40,65.78
18,76,94.67
6,68,56.78
15,9,52.4
15,9,52.16
0,90,46.08
3,59,34.87
3,50,34.31
6,20,32.58
7,7,28.1
16,64,82.51
4,91,47.02
6,77,55.43
19,84,97.41
19,29,65.98
3,84,55.52
5,48,28.87
6,8,26.18
17,16,65.65
4,68,44.95
19,57,85.13
2,56,38.84
6,61,44.68
13,94,89.3
6,51,38.91
4,60,35.91
4,39,32.98
1,37,21.37
20,42,72.39
5,62,53.08
14,18,48.93
20,99,100.0
9,49,59.53
6,32,35.24
4,12,24.37
0,77,34.18
12,96,91.1
20,61,86.37
17,92,94.14
12,42,49.73
20,48,85.34
20,35,80.65
17,9,59.33
4,94,51.84
12,5,40.37
3,56,39.06
16,0,51.07
2,70,37.14
16,57,63.97
10,90,78.53
20,20,69.27
19,91,100.0
20,79,99.03
3,55,37.67
1,86,49.69
19,19,57.21
15,53,77.21
17,24,62.09
7,27,42.64
2,4,5.7
8,20,30.59
19,17,64.76
5,46,40.5
9,69,60.13
20,56,90.86
9,92,71.06
12,18,45.17
16,96,100.0
8,64,57.79
16,2,51.19
8,41,37.14
8,20,40.77
0,98,54.33
1,39,18.93
15,66,83.23
0,24,13.65
9,54,54.23
17,83,98.95
7,51,43.94
20,43,77.89
10,97,79.54
1,84,47.64
7,55,53.33
7,54,47.25
16,86,86.75
14,69,89.14
16,76,80.57
12,86,79.28
18,72,93.9
4,80,57.76
11,65,62.66
0,18,0.0
4,82,50.05
7,6,28.31
12,62,70.19
7,41,44.85
10,41,54.06
0,58,35.7
12,19,41.62
18,72,84.01
2,16,15.85
16,26,55.76
4,46,28.7
19,1,63.62
20,62,92.25
7,61,51.64
13,99,88.75
3,18,17.47
10,16,44.09
19,68,83.43
14,38,53.22
18,81,89.82
6,70,54.45
18,80,100.0
18,38,77.35
10,35,50.46
4,39,31.1
4,44,27.34
7,3,25.07
9,24,49.13
5,68,47.8
14,29,53.7
15,75,81.32
16,67,84.5
7,87,65.06
7,28,39.55
8,72,59.83
1,67,35.29
14,50,68.15
17,23,59.8
2,13,21.2
16,68,86.12
3,17,12.0
3,41,25.77
13,56,69.83
8,82,65.92
8,11,31.01
17,81,90.54
9,16,37.28
20,29,73.66
3,87,55.32
11,74,73.87
7,98,78.03
1,22,11.43
12,80,75.94
20,0,53.91
15,78,93.13
1,31,8.62
10,8,42.41
9,14,34.47
14,27,57.59
16,23,58.67
7,59,50.66
17,34,70.94
8,85,58.32
7,26,30.74
13,82,75.77
17,75,90.74
19,19,66.52
19,64,92.09
20,84,100.0
11,48,62.29
18,0,50.3
13,9,43.79
16,46,76.55
20,58,93.55
2,95,46.1
6,61,43.39
16,85,90.09
11,17,40.33
8,45,46.17
14,31,61.48
17,26,65.45
20,91,100.0
12,17,47.85
20,38,84.37
7,48,29.72
13,92,83.07
7,81,57.09
13,43,62.88
6,71,51.19
11,53,59.88
10,94,81.26
10,33,43.49
12,70,72.81
17,35,76.27
1,17,15.66
20,37,70.57
14,58,69.54
19,8,62.78
17,72,89.76
14,71,76.24
18,50,75.8
11,34,50.34
12,81,71.07
10,4,37.5
4,13,27.84
0,91,47.47
2,29,19.34
18,3,60.2
6,38,40.86
11,83,73.12
14,63,73.26
4,24,20.95
14,27,56.32
7,75,59.99
9,65,55.6
15,77,78.13
7,21,24.87
0,30,17.08
11,22,43.94
4,47,35.08
2,19,17.82
0,37,14.0
3,54,30.65
7,67,55.71
2,78,36.36
9,87,69.21
1,88,59.33
10,0,23.26
9,6,27.85
20,56,77.39
13,94,84.83
6,11,33.33
1,4,7.33
8,49,45.43
15,41,76.41
12,11,32.79
8,17,34.77
19,65,89.82
3,73,44.26
9,78,70.04
11,93,73.59
16,16,57.56
13,67,73.43
13,70,69.64
1,61,43.25
20,40,79.09
19,94,100.0
10,33,41.36
15,69,78.68
18,44,87.67
5,57,42.24
18,50,81.59
4,33,33.25
3,43,29.59
14,14,46.95
3,77,49.86
19,69,90.29
9,49,49.84
2,100,60.7
4,31,27.15
5,66,54.07
20,2,60.54
7,85,56.91
6,85,43.37
20,73,87.31
9,50,43.67
5,66,49.33
13,75,71.64
3,92,45.13
12,47,58.85
19,16,59.59
16,6,53.32
6,12,26.19
3,65,44.22
13,3,27.71
2,9,10.73
4,87,54.89
15,16,46.89
19,51,71.81
3,5,10.96
1,82,49.32
17,68,72.09
18,95,97.34
18,73,91.16
16,8,57.62
13,90,82.44
18,76,100.0
12,82,68.02
11,20,32.92
5,23,31.59
20,3,49.75
3,23,22.81
18,58,81.53
15,98,89.49
12,2,34.87
3,67,36.05
16,100,96.41
0,39,19.59
17,47,72.42
19,53,80.58
16,34,66.27
14,94,97.3
10,55,56.17
12,88,84.1
0,39,14.67
16,76,79.33
5,67,50.77
3,45,30.33
19,77,100.0
15,12,57.63
14,26,59.2
14,5,48.59
5,16,5.87
14,35,61.72
13,98,92.31
10,80,63.64
6,1,18.54
8,76,56.79
15,51,75.64
4,65,39.72
19,51,78.54
9,91,70.18
17,42,83.25
2,89,55.52
12,21,54.56
10,54,47.93
16,66,74.65
12,98,91.69
5,59,35.7
16,57,73.14
12,11,51.78
18,87,92.68
20,68,84.9
18,83,95.74
9,38,37.1
2,12,18.19
13,40,54.53
18,56,76.52
4,52,38.15
4,11,15.48
19,12,64.26
16,73,87.11
20,96,100.0
9,56,49.19
4,39,35.15
3,79,45.03
5,44,32.65
3,34,26.71
6,2,9.36
6,4,21.95
17,89,96.48
2,10,16.61
0,70,32.5
3,55,43.12
5,9,22.15
8,33,40.37
13,66,81.08
11,71,68.98
19,30,69.41
3,74,46.62
20,70,92.31
11,65,67.37
9,69,68.1
6,40,37.96
2,62,37.45
13,31,58.49
9,19,42.44
15,56,70.74
15,97,94.36
9,49,55.51
12,79,77.15
5,24,17.69
11,11,43.41
8,70,61.61
12,38,57.97
3,16,11.04
10,44,52.76
19,10,66.22
17,69,81.1
10,22,37.9
20,90,100.0
3,69,40.16
17,37,68.46
0,1,0.0
6,85,69.6
5,83,59.1
14,88,84.72
17,78,87.79
10,92,69.86
19,71,91.95
14,36,63.33
15,48,64.95
6,51,44.03
20,32,74.16
9,21,44.4
11,4,31.82
13,17,51.39
4,37,37.47
20,36,76.11
17,93,94.56
4,94,63.61
2,63,28.59
4,9,18.65
16,78,79.12
18,41,80.61
18,47,76.24
20,43,81.05
11,81,69.88
8,86,59.09
0,96,54.33
17,15,57.64
20,53,100.0
3,34,21.95
9,97,72.27
6,27,27.01
0,1,0.0
16,93,100.0
1,12,14.05
10,40,42.48
8,79,69.52
6,58,50.41
16,68,84.41
16,91,90.08
1,52,25.95
5,44,37.69
13,19,45.73
5,23,33.06
1,60,30.02
0,90,35.27
9,93,66.99
20,57,82.31
4,26,23.68
1,25,16.58
15,6,48.27
1,41,25.8
9,46,48.74
1,52,27.92
15,58,82.76
15,37,69.53
18,68,90.04
6,86,65.58
11,91,68.87
14,97,86.39
7,52,44.84
5,14,17.95
9,95,66.77
2,25,20.6
18,47,84.43
16,94,94.94
6,18,30.24
20,8,63.79
19,63,86.29
3,92,59.6
13,53,58.36
19,50,72.68
14,38,53.79
7,3,26.77
20,2,61.44
14,63,75.38
19,28,79.38
13,10,38.18
8,96,78.02
7,57,47.52
16,74,82.26
1,26,16.41
2,96,55.19
7,20,29.95
11,38,55.05
0,94,47.43
9,45,48.5
19,65,87.42
2,90,52.19
5,35,25.72
6,74,49.63
19,81,95.66
17,64,85.72
10,62,71.71
18,98,100.0
4,34,20.13
18,30,65.05
10,27,46.79
11,0,28.15
9,24,32.47
7,42,45.27
8,83,67.82
3,66,34.64
4,62,38.53
20,50,91.22
7,1,25.76
8,81,58.51
14,63,63.56
14,73,79.84
15,68,77.52
13,8,43.91
7,1,24.67
17,33,62.72
9,59,54.34
19,60,82.5
5,30,25.68
11,9,40.32
1,75,41.22
6,35,27.69
15,84,90.63
2,48,28.25
12,69,74.36
2,48,24.93
17,2,47.37
10,73,67.76
7,4,17.52
5,89,58.13
0,60,23.95
0,84,40.04
7,89,65.34
4,25,24.58
15,71,78.68
10,4,33.67
4,14,19.74
3,15,16.05
5,0,11.87
13,15,51.84
18,36,73.93
8,2,19.82
11,51,61.74
10,46,57.38
13,94,85.59
15,12,50.92
0,79,29.21
12,54,58.78
20,20,74.22
20,65,88.59
12,53,61.7
1,26,11.71
3,37,28.65
5,89,61.47
4,57,42.6
2,61,30.8
0,45,23.03
3,88,60.88
19,10,65.74
1,71,38.97
4,7,5.85
2,96,52.75
8,70,67.23
19,63,95.09
5,20,27.31
17,71,82.9
5,62,46.26
18,84,99.87
11,63,69.2
10,19,41.06
1,7,10.78
14,57,70.21
11,45,54.99
11,30,45.71
8,92,72.12
20,8,69.0
1,14,13.54
2,93,46.41
11,25,39.68
15,9,55.02
20,28,74.88
0,79,40.58
20,35,78.47
2,83,56.26
19,36,72.77
1,85,51.08
8,70,60.17
18,22,57.0
14,40,57.88
17,92,93.96
10,79,74.97
15,27,64.64
16,47,73.27
4,37,27.89
11,30,43.45
10,13,42.19
14,96,83.58
2,72,41.48
0,90,56.82
19,87,97.9
15,76,76.64
1,89,38.67
1,28,29.02
2,50,32.74
7,48,40.65
14,42,62.05
6,91,60.19
5,91,51.18
8,71,63.44
19,86,100.0
0,92,49.52
7,4,23.03
2,41,27.16
3,6,0.83
14,41,67.04
5,35,27.06
14,26,50.84
20,57,85.86
2,45,18.21
20,65,89.59
20,24,68.74
13,72,73.11
19,26,61.49
13,0,43.64
3,86,53.99
11,73,65.18
16,41,65.59
6,51,47.69
8,24,34.71
2,53,26.3
12,66,68.58
14,5,39.06
17,57,75.96
18,69,88.25
0,52,31.28
5,65,57.62
1,57,38.31
13,81,79.14
5,86,69.29
13,1,42.29
3,75,41.6
20,21,70.97
7,36,35.72
2,19,9.26
18,23,59.63
13,83,79.76
19,64,92.77
16,64,85.34
7,80,54.78
13,0,37.48
5,93,63.93
15,2,46.76
18,45,79.97
13,54,63.83
18,74,97.36
2,87,49.48
9,85,73.29
18,63,83.6
8,44,46.29
19,25,61.52
12,76,69.82
6,64,48.96
13,23,51.0
8,73,73.91
18,34,69.09
14,23,46.62
19,27,79.01
13,99,93.89
5,79,48.72
20,15,69.83
3,58,42.18
7,80,61.82
16,53,76.13
8,78,59.84
0,15,10.02
19,14,61.54
13,97,74.27
10,10,35.98
20,64,83.62
2,78,50.07
8,89,62.85
13,67,60.23
8,42,36.15
3,68,42.79
3,98,58.93
7,12,19.94
1,9,2.14
8,74,60.96
13,81,84.36
8,97,66.45
15,40,66.9
16,49,63.81
15,86,89.58
11,70,71.78
2,58,37.62
10,38,53.97
13,2,44.64
17,75,97.73
20,6,63.54
20,48,93.25
4,25,19.78
15,32,59.97
19,100,100.0
4,47,30.29
2,78,33.2
11,1,37.85
0,70,30.35
20,31,73.5
8,3,33.42
8,19,36.36
3,35,35.2
2,31,22.1
16,27,64.28
1,76,39.8
0,0,0.0
7,59,53.26
12,55,61.32
14,34,62.22
7,29,32.65
11,53,58.62
11,35,50.02
13,54,71.38
14,88,83.88
14,79,87.43
8,57,47.98
18,82,96.35
19,64,85.56
7,68,60.58
20,50,80.91
18,21,60.92
5,87,52.22
19,100,100.0
18,52,82.96
3,99,60.92
6,35,34.78
3,67,39.2
11,35,49.11
12,51,60.3
2,52,33.26
11,81,74.42
1,49,36.2
1,79,42.7
8,40,45.8
0,17,8.86
7,21,29.87
5,65,49.27
5,20,22.9
17,99,100.0
16,43,75.3
11,46,53.57
5,38,35.94
7,28,22.59
18,53,79.57
9,89,69.04
0,84,42.6
12,16,42.82
16,79,88.21
2,59,33.61
7,30,37.93
13,72,66.43
2,94,53.56
15,77,78.81
12,48,65.84
19,100,100.0
16,1,53.48
12,47,59.44
5,13,12.36
16,58,72.62
13,96,91.24
16,98,100.0
7,57,43.0
10,57,66.31
19,50,81.88
0,83,45.92
6,1,12.44
20,40,77.72
20,82,100.0
16,100,96.43
9,81,52.9
10,15,36.55
8,3,15.68
8,11,24.15
4,28,18.99
16,6,56.66
8,13,37.73
16,11,55.21
20,98,100.0
18,4,56.14
6,80,63.66
8,31,29.58
6,73,49.12
12,42,62.02
10,80,76.06
13,68,75.95
18,44,70.78
10,8,38.95
12,48,66.81
13,32,58.59
12,99,73.03
0,99,50.12
7,17,32.43
11,8,34.42
18,61,85.43
11,56,58.43
7,28,30.69
7,77,67.05
20,24,73.08
12,14,37.47
11,5,28.62
15,41,61.2
0,28,9.72
12,78,75.73
6,92,66.43
4,3,15.92
7,81,57.75
13,56,71.6
12,48,66.14
14,43,62.2
16,79,82.34
14,74,79.5
19,13,74.3
17,2,46.71
17,61,78.87
1,63,34.79
3,44,33.71
0,81,30.57
3,57,44.03
17,19,66.96
4,57,38.38
18,88,100.0
14,56,76.14
7,76,64.87
19,67,96.44
16,77,92.29
0,96,47.89
11,91,77.9
18,51,74.78
14,36,57.11
8,7,25.95
6,43,39.83
1,97,59.49
8,4,15.49
9,68,67.72
1,30,12.94
18,44,75.48
10,8,30.38
12,31,60.77
9,32,40.5
13,66,74.61
17,29,68.37
18,75,85.7
8,28,37.52
6,2,25.02
2,89,46.13
19,56,89.14
5,29,27.84
20,8,69.82
1,25,24.24
5,1,5.46
2,61,29.81
15,2,43.81
7,45,50.83
1,67,39.16
16,24,53.78
8,50,52.39
11,12,34.43
2,43,31.85
10,34,49.69
0,54,22.41
12,86,78.67
14,8,52.12
4,1,3.04
20,60,91.51
16,40,62.47
5,43,36.42
20,63,93.79
10,30,55.07
17,46,73.87
3,1,16.83
2,95,49.3
12,81,74.02
8,76,64.94
20,68,95.01
5,57,41.86
11,43,52.72
1,73,46.17
2,55,32.06
2,42,21.9
11,88,72.73
14,33,61.85
8,100,85.28
7,29,32.88
10,70,75.74
15,69,79.45
3,54,34.6
0,66,28.45
6,12,23.01
1,2,0.22
4,25,20.32
6,56,37.74
3,23,29.33
4,52,43.32
0,69,35.86
0,42,20.28
14,59,71.47
19,57,81.62
18,48,72.33
9,41,51.09
17,75,87.19
2,99,57.13
10,65,54.19
14,10,45.42
10,97,72.73
16,89,94.92
16,17,61.48
5,84,64.3
4,99,58.36
7,51,40.86
1,45,23.41
15,43,63.0
19,21,69.66
11,52,51.99
5,58,35.23
0,93,44.77
3,29,27.13
16,7,46.36
12,97,88.75
17,56,80.83
4,72,55.73
2,19,11.49
10,24,33.97
12,18,47.99
3,4,12.4
13,74,77.01
10,78,63.76
9,71,66.38
18,82,91.83
17,86,95.01
5,26,25.7
14,39,63.27
20,95,100.0
9,25,42.0
4,26,28.29
4,61,43.08
9,82,76.22
4,49,37.54
2,41,31.09
5,28,29.46
3,38,32.15
17,59,72.83
8,40,44.16
16,32,58.37
12,82,77.7
14,100,93.92
19,82,100.0
16,96,98.45
12,15,41.82
15,22,52.23
3,6,0.29
4,25,24.84
4,95,65.19
8,11,30.04
16,71,83.08
12,4,38.72
1,91,46.56
12,68,70.97
20,48,81.98
18,25,62.01
2,4,7.62
9,21,37.01
1,78,51.38
12,12,37.97
18,27,66.7
16,32,62.72
20,22,68.76
13,96,89.57
11,17,52.69
20,29,72.9
11,25,48.08
10,15,27.94
6,76,54.03
3,38,35.78
18,32,69.73
0,25,15.01
2,47,26.39
12,64,69.29
14,37,68.66
1,1,0.0
10,5,43.43
3,45,23.77
18,49,76.07
16,37,62.32
2,87,48.14
17,17,55.26
7,26,29.38
18,40,68.07
4,71,50.72
6,91,62.31
20,73,94.0
7,16,30.41
4,61,35.03
16,28,63.53
4,57,40.03
3,69,43.18
18,77,95.1
20,21,78.72
1,5,7.11
10,25,41.5
12,38,49.09
14,11,35.55
11,98,82.64
20,13,60.2
10,21,27.8
6,50,41.25
4,22,24.2
16,47,75.22
19,70,97.31
8,49,52.88
13,88,87.51
11,12,31.66
5,84,56.25
16,9,55.4
18,54,81.23
18,8,57.22
15,78,84.14
11,51,59.73
11,1,33.12
19,24,64.77
5,12,12.49
3,97,56.48
5,50,40.29
10,57,58.73
0,33,21.26
14,34,64.65
10,2,30.48
18,58,82.52
17,69,88.37
16,47,73.63
18,63,83.29
20,18,72.3
13,66,71.27
17,81,90.87
18,72,92.17
14,75,77.99
14,4,44.47
3,66,43.49
6,10,27.09
12,93,86.24
2,67,40.84
15,68,65.96
8,0,25.22
7,90,67.99
19,91,100.0
12,62,62.22
16,28,51.39
16,81,92.53
16,11,47.38
0,76,44.11
7,40,38.11
18,1,49.36
5,36,34.75
2,44,31.08
4,79,54.28
12,47,62.01
14,23,49.96
13,98,80.37
15,21,53.55
17,99,94.77
10,10,37.16
2,57,38.87
9,45,50.36
9,28,41.0
20,34,75.45
15,14,56.9
11,59,53.35
1,94,43.97
8,41,53.63
2,42,20.73
14,79,84.16
2,73,46.18
18,48,68.37
17,63,73.83
7,31,42.82
16,63,74.64
7,1,16.77
6,23,26.9
6,86,56.15
2,65,41.13
0,37,12.59
3,30,14.17
4,25,30.28
0,28,8.34
14,66,71.24
4,77,54.65
12,24,48.35
7,47,50.06
7,64,57.23
4,52,35.73
8,66,62.11
0,89,45.34
3,17,14.51
2,8,11.45
1,37,14.95
7,86,68.17
8,20,37.52
1,64,35.6
13,20,39.41
13,26,57.77
3,69,45.69
5,43,36.39
10,99,78.6
2,27,16.82
7,44,41.28
2,16,17.85
13,39,55.92
12,2,35.63
12,75,72.86
1,75,40.0
12,65,65.41
18,45,75.65
5,85,59.22
15,86,83.48
1,29,16.67
7,68,64.65
16,8,51.68
1,84,40.35
9,10,26.76
15,68,72.67
5,98,72.14
1,90,53.04
1,65,29.05
12,87,80.57
14,30,63.12
1,32,18.8
6,38,34.54
2,93,63.7
7,45,33.97
13,36,70.16
6,91,63.8
20,59,95.95
6,30,27.0
0,10,1.37
16,86,85.6
8,1,23.99
20,26,74.54
12,98,90.33
20,1,51.94
18,100,100.0
20,20,74.47
18,57,87.91
16,4,47.8
9,51,50.36
9,44,48.54
3,84,51.93
7,92,73.51
19,19,60.45
19,60,83.07
17,37,62.84
13,19,50.64
17,24,68.51
13,1,32.4
19,31,72.94
20,25,77.65
14,69,80.42
3,40,32.86
12,66,63.05
7,96,72.85
17,0,50.07
11,50,63.35
13,4,43.25
1,12,4.92
17,18,61.39
1,11,12.59
10,47,50.97
8,24,36.64
11,56,54.32
16,34,67.75
14,75,79.22
16,93,99.07
17,4,55.6
5,97,61.46
16,21,54.27
17,76,83.62
7,56,46.46
8,46,51.44
5,53,32.72
4,2,7.82
11,52,63.29
10,83,78.14
0,30,10.08
10,68,58.77
18,87,100.0
8,32,39.38
1,71,34.03
11,87,81.72
3,49,36.02
3,83,54.18
17,15,54.29
14,75,81.37
18,76,98.23
12,38,58.2
18,88,100.0
16,45,77.52
5,95,64.64
15,87,85.67
11,46,60.39
18,43,69.97
4,8,14.89
16,86,93.94
0,49,8.41
9,76,66.26
14,59,73.0
20,95,100.0
20,14,68.63
10,35,48.45
12,62,67.17
4,68,51.95
0,85,46.89
11,79,75.7
10,40,44.88
16,73,84.41
3,23,26.42
14,81,81.43
8,48,55.77
20,17,71.85
19,6,68.55
18,3,50.16
18,89,97.73
11,68,66.7
4,59,44.53
9,54,50.31
16,15,47.46
4,98,62.89
15,89,87.67
6,81,56.15
8,28,34.54
2,22,17.62
14,13,43.12
15,78,83.03
17,48,70.86
13,32,51.95
2,24,19.77
11,20,46.26
8,16,30.47
6,22,33.84
8,56,47.14
12,80,68.4
17,57,72.82
4,13,13.12
12,92,75.44
3,19,28.61
1,29,9.75
15,18,58.69
8,52,49.87
8,55,52.62
5,76,48.47
10,81,72.13
0,22,6.43
3,61,44.11
12,32,57.03
12,17,43.83
12,72,71.65
1,32,21.16
8,31,41.41
7,60,56.12
6,53,49.48
3,16,16.86
17,18,57.61
2,90,55.06
5,69,48.72
11,98,82.57
11,100,85.65
20,33,81.38
7,83,63.8
0,24,9.06
3,67,51.49
20,73,100.0
10,73,61.41
2,87,44.94
12,84,74.07
16,10,57.24
9,90,81.18
20,15,64.97
11,89,78.35
14,60,68.24
20,93,100.0
9,79,70.62
13,6,37.88
12,15,32.99
4,98,66.19
5,15,19.64
1,39,26.71
16,11,54.97
3,34,16.83
13,20,44.97
9,49,49.73
2,42,23.62
2,99,56.08
14,16,52.01
5,31,39.45
16,40,70.36
11,5,42.96
19,87,98.12
10,26,48.83
3,19,16.59
5,24,22.41
0,65,27.7
19,8,47.79
15,91,94.77
14,52,61.55
16,60,85.04
7,37,38.63
11,2,26.23
20,83,95.91
9,69,62.45
14,96,80.6
8,54,53.95
1,0,0.0
4,100,58.31
5,69,50.49
6,44,42.34
20,97,100.0
0,46,16.47
6,78,55.46
19,25,74.96
11,13,37.96
15,53,72.97
15,70,80.81
10,45,59.01
20,30,72.67
3,87,45.55
12,58,60.16
6,94,65.94
3,28,15.15
14,95,86.78
18,16,62.38
8,13,26.67
10,35,49.13
7,57,53.12
0,23,13.77
7,62,44.26
12,90,81.4
3,24,21.79
7,58,48.1
2,31,23.07
8,81,65.89
1,17,11.05
1,36,15.98
12,25,48.37
14,8,55.33
11,98,80.04
3,63,45.74
7,71,56.69
8,19,29.5
4,53,37.02
19,85,99.42
17,82,95.28
10,29,56.4
14,52,68.27
8,91,63.35
16,98,88.73
11,62,61.89
6,10,17.36
9,30,44.79
9,48,53.83
12,99,84.77
18,93,100.0
10,86,73.32
12,18,54.34
20,11,68.63
7,14,32.48
7,30,28.76
3,42,24.14
14,100,94.39
10,36,40.25
10,78,65.88
0,28,19.9
16,25,57.27
14,1,36.45
19,83,100.0
5,14,32.37
14,3,39.46
8,85,72.62
13,49,58.83
17,37,68.94
16,22,58.65
17,58,76.09
4,89,60.88
19,74,86.3
19,27,71.48
8,65,61.87
10,7,37.46
0,28,16.46
17,10,63.93
5,100,63.9
1,17,3.88
14,54,69.68
20,49,83.87
13,13,34.92
4,73,42.87
5,98,57.74
5,8,14.93
17,98,98.24
13,10,42.44
9,62,54.11
13,75,70.23
12,66,70.89
2,52,32.58
5,38,34.73
7,77,68.4
11,55,61.31
12,27,47.67
10,74,66.47
11,38,52.49
0,24,15.08
16,20,57.78
15,9,39.79
10,42,48.82
12,14,43.01
17,82,98.52
10,47,49.57
11,85,67.32
5,20,25.32
8,59,57.83
15,95,90.53
3,49,45.42
2,22,27.74
15,12,50.64
11,68,67.93
10,3,38.34
4,91,57.05
17,77,85.48
18,71,93.94
5,8,21.32
17,34,63.96
5,100,66.4
3,20,18.2
11,57,59.57
18,17,58.57
1,96,51.61
16,71,82.17
10,80,71.42
10,42,55.1
20,94,100.0
15,97,94.74
1,5,2.79
1,85,51.37
7,77,55.26
12,66,60.94
9,11,27.15
7,99,75.67
3,11,16.79
14,65,81.06
0,1,0.0
10,14,48.6
6,22,27.58
16,28,53.2
19,80,100.0
17,95,91.95
11,6,34.01
8,93,69.47
4,27,27.72
9,13,29.54
3,43,35.7
4,29,30.27
9,80,67.1
10,31,52.12
20,69,94.16
9,87,69.12
7,5,33.49
1,26,17.48
7,81,56.57
15,87,84.25
4,100,62.09
2,23,5.51
11,33,46.34
12,39,55.0
12,46,58.16
9,78,59.71
3,74,43.76
8,85,72.4
1,23,19.37
18,64,86.48
0,17,8.16
6,43,38.69
16,75,86.68
2,56,34.51
19,27,72.12
19,70,94.51
20,22,64.94
2,84,46.45
2,33,23.49
16,10,48.17
6,85,57.13
13,34,54.91
16,92,93.16
17,41,72.58
12,27,45.26
19,81,100.0
19,77,94.61
20,81,100.0
17,91,94.65
3,23,21.68
0,7,11.86
17,52,75.1
0,71,32.78
12,3,33.35
19,90,100.0
19,99,100.0
9,4,29.26
10,96,80.34
8,48,49.71
8,97,72.39
4,29,36.27
0,71,38.95
16,62,73.55
1,46,18.27
12,25,45.02
8,56,52.76
3,36,23.1
4,97,57.36
10,6,33.13
18,39,71.79
20,91,95.26
2,38,30.39
11,61,67.72
18,91,93.07
18,77,92.78
12,52,56.42
6,3,16.46
14,81,84.93
6,24,34.05
7,6,27.93
4,27,26.72
20,68,100.0
13,66,68.95
3,94,54.06
9,19,23.53
19,82,97.53
14,10,49.9
17,66,85.43
19,86,96.88
12,6,43.22
7,22,31.63
8,60,57.83
15,70,82.43
18,33,77.62
15,18,55.7
6,57,49.55
13,8,42.62
13,47,59.99
3,81,51.95
14,40,69.51
2,47,26.42
4,44,32.76
0,24,12.13
2,77,47.92
14,24,55.73
7,18,34.57
3,38,37.87
1,78,38.81
9,79,69.55
3,26,23.6
2,73,42.6
1,62,37.03
16,67,80.17
20,18,70.62
19,27,63.97
12,84,75.31
4,77,55.74
20,32,81.05
8,9,29.8
5,82,53.73
4,29,30.63
9,21,43.68
7,2,19.94
6,100,60.72
6,81,60.75
5,74,56.57
20,47,86.44
19,1,65.33
2,75,51.35
18,53,78.97
14,5,45.49
3,39,26.02
11,92,73.89
5,93,56.68
18,1,58.09
3,72,46.51
14,1,46.95
8,92,82.66
4,96,62.5
12,73,68.56
17,97,100.0
4,54,34.97
15,71,89.24
18,100,94.14
13,59,65.77
15,96,96.11
14,5,50.39
3,18,14.62
6,95,61.21
15,26,58.74
20,0,69.54
20,32,68.31
7,39,38.93
16,31,64.8
15,68,75.02
9,16,31.0
9,7,29.33
1,56,32.46
8,41,43.52
16,97,100.0
10,8,36.96
9,86,71.92
16,34,70.14
3,70,46.0
15,78,81.78
19,52,81.68
14,53,62.85
20,83,100.0
4,24,28.65
5,66,35.2
16,61,85.17
0,54,19.67
18,45,79.1
3,23,9.48
16,97,94.36
8,45,53.2
1,21,20.48
7,10,27.53
14,47,69.44
6,7,14.43
5,38,36.69
0,34,21.25
14,48,78.85
6,45,37.38
16,37,66.58
1,7,6.89
8,53,53.99
8,36,46.4
12,90,86.3
5,91,65.44
5,39,27.09
19,33,60.43
19,95,100.0
20,78,98.82
2,16,10.93
16,32,61.7
16,46,69.32
11,51,61.39
15,79,79.33
14,92,87.61
12,8,39.65
0,32,18.77
16,59,83.31
2,92,60.42
14,76,76.27
3,20,9.0
3,57,36.29
17,84,85.06
16,68,95.67
18,9,54.14
10,5,35.32
19,12,67.67
2,64,39.7
7,19,40.88
13,56,65.99
0,45,18.33
13,7,38.07
1,9,11.25
3,72,44.05
18,66,82.57
5,10,22.21
0,11,9.05
16,9,53.86
7,24,37.5
18,48,78.44
20,48,81.03
0,88,48.06
4,10,12.55
15,61,69.86
5,35,38.28
7,38,38.26
12,52,70.33
15,89,93.78
2,77,42.38
18,55,83.93
11,0,45.64
15,55,76.27
10,3,34.41
9,29,38.53
19,11,71.72
3,34,32.59
11,76,68.07
1,51,37.9
18,30,69.82
4,86,50.8
7,67,51.51
6,51,47.89
13,79,74.33
2,6,3.48
17,21,59.31
15,92,89.55
18,74,87.63
18,55,79.23
17,96,100.0
19,57,86.78
15,92,88.42
7,63,50.36
0,11,4.84
16,6,50.63
11,54,59.65
20,61,94.9
10,89,75.49
4,72,49.13
11,97,88.63
16,76,95.38
5,54,35.85
0,35,9.61
4,88,54.25
13,23,54.42
4,43,35.38
0,16,13.27
17,1,49.54
15,12,41.22
8,30,32.17
18,92,100.0
4,27,30.81
1,59,22.97
14,26,62.05
6,14,27.32
3,94,55.65
0,78,35.87
12,32,59.96
19,19,70.99
6,41,40.95
14,11,43.84
13,100,97.07
18,72,90.15
19,22,69.5
17,71,86.87
9,95,70.67
8,13,32.1
7,90,69.48
9,24,36.79
16,76,87.17
1,84,45.29
5,30,34.58
4,100,60.51
8,53,51.63
4,4,16.19
17,12,55.39
19,27,66.37
8,42,41.69
16,88,94.05
16,98,95.82
11,46,54.76
6,70,56.02
2,37,29.6
9,95,80.46
1,66,32.94
2,61,41.11
15,38,74.42
1,36,21.63
9,85,69.13
5,7,17.09
10,80,64.68
6,51,47.71
14,90,86.66
5,32,30.25
19,80,100.0
8,41,48.4
19,75,91.5
11,26,43.12
18,7,54.39
19,22,78.57
2,63,44.89
14,92,91.54
1,19,10.62
20,15,66.22
1,16,12.82
2,79,56.55
5,18,25.44
14,7,48.04
9,37,32.76
8,37,43.79
0,52,19.03
15,92,88.57
5,99,64.73
8,89,66.99
3,30,20.82
1,43,21.36
3,59,37.44
0,75,36.23
18,16,62.1
9,78,65.73
20,72,100.0
14,38,50.75
18,41,75.72
15,47,68.86
20,11,64.83
3,95,52.97
1,88,46.25
12,17,36.33
0,78,40.03
16,95,97.44
12,5,34.98
3,42,39.7
6,34,34.4
16,97,96.72
8,53,57.18
3,61,50.21
18,68,82.38
0,81,37.61
9,15,33.99
3,7,8.79
8,88,72.23
12,95,79.24
13,89,89.83
9,85,72.62
5,30,35.82
15,9,45.26
5,55,40.58
16,75,89.99
9,91,76.08
17,69,84.07
17,19,59.78
2,4,5.83
19,22,67.14
20,8,59.17
14,57,64.83
14,58,76.03
3,92,53.97
8,79,69.26
18,53,83.48
16,45,72.06
10,21,36.95
8,63,49.45
9,7,28.22
17,19,68.16
19,50,86.44
12,77,71.75
7,38,37.77
6,36,31.35
16,49,64.76
20,33,77.01
14,74,87.63
19,32,81.69
14,30,60.04
0,53,23.49
13,43,53.25
4,33,33.74
10,70,67.24
15,61,73.92
1,22,11.58
7,45,46.5
10,55,53.37
17,6,55.2
2,88,43.9
0,60,41.14
10,2,27.56
15,37,66.74
17,83,86.51
15,33,60.68
9,43,52.92
17,29,71.0
5,16,26.82
18,58,82.31
3,9,10.17
12,98,79.61
13,83,88.02
2,17,15.02
9,44,50.44
5,90,65.83
0,58,31.93
13,61,68.86
7,58,53.72
18,48,74.89
13,99,80.74
9,62,65.06
16,86,88.3
8,31,37.98
5,9,18.42
10,10,31.99
6,69,58.01
16,61,80.37
0,46,21.48
4,33,22.12
8,99,75.02
17,100,88.75
20,16,69.16
1,53,36.22
10,75,67.82
5,84,63.03
7,39,34.35
3,18,28.19
17,66,89.49
10,81,72.88
4,52,35.01
14,63,69.68
17,82,91.65
1,46,32.01
10,5,25.92
12,15,43.55
3,71,48.17
6,17,31.15
10,51,59.16
3,47,25.41
14,42,68.66
0,38,19.34
2,48,24.57
13,11,44.38
5,9,9.71
17,70,88.89
0,54,26.36
5,0,8.65
5,48,37.55
20,35,73.96
15,20,51.78
4,36,18.69
16,23,51.14
9,54,52.85
20,24,69.99
17,6,58.87
6,80,54.84
2,92,49.37
12,93,80.1
14,70,76.01
19,96,100.0
18,70,86.97
2,23,20.36
3,10,25.5
4,72,43.87
0,11,7.46
3,34,26.15
11,62,69.24
9,67,61.51
20,99,100.0
19,91,96.67
12,56,67.05
13,12,39.58
4,22,28.92
3,82,52.77
13,100,89.43
9,38,39.44
16,87,94.88
9,79,74.58
6,96,63.87
15,11,46.79
0,33,16.04
16,70,85.33
20,74,94.34
8,30,43.5
5,92,70.55
18,61,86.15
12,12,40.38
2,30,23.2
6,1,24.39
8,14,31.8
4,56,42.43
9,74,67.52
16,33,60.12
11,67,68.8
15,74,75.29
2,28,16.71
8,65,62.23
14,15,53.86
4,38,29.65
12,76,82.53
13,36,50.45
19,80,95.97
14,20,53.38
15,43,52.46
12,18,44.21
16,70,77.38
7,7,18.99
20,76,96.64
1,100,43.87
4,65,40.46
5,40,25.99
11,74,70.62
17,87,95.02
0,69,32.76
16,60,82.98
10,25,41.02
9,70,61.88
18,82,90.47
13,69,61.98
9,28,40.27
14,65,73.12
18,18,71.55
3,67,45.84
1,57,29.43
8,69,59.21
9,56,59.54
10,36,50.58
13,60,77.34
6,91,59.55
14,29,61.38
18,70,86.89
14,72,78.97
7,24,30.21
10,96,77.29
8,64,57.06
14,5,47.47
0,17,8.81
0,9,0.0
18,91,99.12
2,10,18.35
9,96,74.58
7,64,60.49
14,76,79.4
9,100,69.14
0,83,39.34
17,64,80.21
1,51,27.35
18,66,81.07
12,81,76.46
0,77,36.86
1,30,24.44
15,90,83.95
14,16,51.23
12,54,65.06
15,92,94.87
16,35,63.68
20,100,100.0
6,25,32.27
16,52,65.76
6,16,24.36
12,85,78.34
4,24,24.42
16,1,48.86
2,85,50.69
6,4,29.69
16,3,46.52
6,35,37.41
20,5,69.01
0,20,1.01
16,76,87.34
16,100,89.6
10,88,84.93
2,25,21.11
14,54,70.94
20,38,69.63
10,83,68.98
15,32,58.5
8,13,39.33
0,55,31.15
15,99,86.24
8,80,66.35
18,20,56.49
11,45,47.35
18,15,63.77
8,15,35.22
6,83,61.79
13,28,62.4
18,91,100.0
18,7,58.35
1,87,40.42
8,2,29.29
12,88,71.74
14,18,61.1
2,96,58.35
10,65,76.45
20,78,100.0
13,85,86.1
7,73,56.11
17,81,91.28
18,21,59.24
15,45,60.26
1,90,48.95
7,12,26.75
5,32,25.62
11,4,30.51
14,89,86.66
7,76,53.53
3,26,23.78
14,77,75.19
19,23,69.78
16,66,75.25
12,62,61.27
17,93,85.69
1,98,51.2
12,47,66.77
12,62,73.99
14,77,82.12
19,11,52.49
9,27,44.72
2,43,28.63
18,92,97.97
2,42,33.04
13,16,50.08
7,39,50.31
3,48,25.97
19,84,92.36
10,56,52.21
10,86,71.57
10,83,79.44
1,63,31.38
16,74,81.99
8,56,54.09
1,97,55.72
14,73,67.32
15,73,86.7
3,69,40.22
7,99,69.99
8,87,74.59
4,75,48.42
15,42,58.34
12,22,39.63
6,26,30.85
19,57,83.83
16,36,66.3
2,5,6.49
4,64,50.21
18,5,56.62
11,49,48.69
6,21,32.58
8,87,77.03
5,24,27.77
16,78,88.16
15,89,85.6
2,71,40.29
20,50,87.51
3,87,58.16
9,47,52.73
4,69,55.59
20,98,100.0
9,64,53.39
11,59,57.03
9,45,55.67
12,35,58.54
10,57,50.28
15,75,81.45
7,37,38.63
7,10,22.24
7,11,19.45
12,41,52.63
1,38,17.23
11,70,61.07
9,10,36.15
11,35,51.91
10,51,53.18
14,30,46.65
15,32,59.5
16,12,56.61
1,17,7.82
17,40,65.25
11,57,60.88
18,55,83.18
17,23,52.5
16,72,90.77
5,30,23.75
14,54,66.89
2,9,16.41
5,59,45.13
2,1,11.98
0,14,14.77
12,2,29.7
20,42,85.51
13,30,60.63
12,69,68.62
3,66,40.52
6,55,35.93
9,62,61.91
6,74,42.33
20,14,71.84
14,91,80.41
14,9,53.45
3,37,29.48
5,46,43.04
19,56,80.94
4,49,29.83
19,70,83.18
11,14,45.46
0,17,11.81
7,81,64.99
0,87,44.96
4,1,15.22
5,83,55.04
20,97,100.0
2,42,22.72
14,25,52.79
4,70,62.22
13,37,57.69
17,93,87.64
15,41,63.46
5,4,11.71
13,10,44.8
7,64,48.55
6,33,33.44
7,0,17.3
12,82,77.99
5,1,12.36
17,84,94.78
1,19,22.24
7,60,45.23
10,86,76.62
0,20,0.0
5,87,57.34
15,67,79.64
19,11,58.76
11,21,34.56
10,19,39.31
9,81,75.16
2,0,5.27
12,29,53.29
2,96,59.63
14,23,65.86
15,13,46.24
12,35,48.75
16,68,80.54
2,74,46.08
19,23,56.9
10,59,62.77
20,94,100.0
18,54,78.33
10,76,70.13
15,79,88.95
20,23,76.64
2,76,44.07
5,23,28.13
13,53,66.94
17,25,69.66
16,65,82.41
3,79,51.73
14,37,64.96
10,64,71.79
2,74,40.07
2,50,39.13
15,34,74.36
4,42,30.39
20,28,72.92
9,36,42.86
18,80,97.28
3,57,28.19
18,53,78.0
10,38,47.63
1,41,21.69
9,27,38.64
10,28,41.55
19,42,81.89
15,2,48.69
18,9,67.02
10,58,62.9
13,13,40.01
1,75,39.65
4,46,33.62
4,41,33.78
18,93,100.0
20,31,76.43
11,31,49.44
17,41,71.55
3,31,28.55
16,25,57.66
9,0,19.71
19,55,87.72
5,1,17.38
13,80,85.62
10,29,32.36
10,70,64.5
17,51,77.03
17,90,88.45
10,8,33.57
20,21,76.43
11,33,59.93
4,48,40.91
8,0,22.38
8,72,66.31
9,83,73.06
18,52,77.58
0,82,38.09
6,99,66.66
3,39,23.25
0,44,20.45
14,67,77.93
7,8,30.19
11,21,41.61
17,17,66.44
14,75,82.75
16,42,72.48
13,38,53.4
13,72,84.04
17,5,56.27
19,82,96.34
17,47,71.95
15,6,46.45
0,79,34.41
10,68,68.94
14,15,44.92
11,0,34.45
7,36,36.75
19,82,100.0
5,36,37.03
2,80,42.78
12,63,67.33
12,89,73.28
1,85,54.0
4,61,47.84
16,71,76.52
5,60,40.67
1,32,18.33
3,65,41.69
10,29,41.07
7,19,24.78
11,59,64.48
7,81,70.2
10,73,66.77
19,23,67.04
7,3,20.52
7,36,33.52
16,3,46.14
19,76,100.0
19,88,90.65
15,76,83.35
13,17,47.64
10,87,74.09
6,65,54.14
15,47,68.81
12,32,49.73
14,57,67.22
15,82,92.49
20,72,100.0
8,27,51.89
2,34,21.6
18,9,55.31
19,64,91.27
4,41,34.65
9,84,72.18
16,8,56.24
14,59,74.63
7,14,33.38
14,98,97.04
20,56,94.13
13,68,61.69
19,21,68.66
6,63,44.88
20,40,85.28
11,86,64.59
16,70,90.35
16,55,71.18
9,22,32.53
18,24,67.78
13,90,82.13
10,5,41.4
1,33,26.32
17,62,79.45
6,8,27.21
11,59,59.77
1,48,24.23
19,96,100.0
17,50,83.28
5,59,42.29
9,69,59.68
19,36,76.51
14,30,52.53
4,97,68.33
19,40,72.48
2,61,33.33
4,92,66.84
7,57,50.57
7,13,37.22
7,35,37.4
11,35,63.1
7,78,63.08
10,7,29.74
13,25,47.66
7,35,31.21
9,47,43.76
6,84,56.7
16,27,56.54
3,67,29.61
12,61,70.71
3,79,52.38
4,85,56.04
3,75,40.83
17,79,98.73
5,50,39.11
1,41,19.33
10,100,81.16
13,28,53.88
4,81,39.99
5,9,19.35
9,38,46.6
7,81,59.61
13,0,32.39
2,38,18.54
11,20,45.57
15,64,80.81
16,14,52.76
0,3,3.41
9,59,54.21
9,60,52.73
20,19,70.57
1,9,1.75
8,86,76.47
12,33,45.31
15,47,69.92
17,32,67.75
18,97,100.0
11,60,70.42
7,9,12.07
16,53,76.56
14,83,82.13
9,64,61.92
14,76,80.27
14,0,41.62
6,4,13.96
12,79,72.13
16,14,70.66
8,27,40.47
7,94,73.26
19,22,66.24
20,16,63.72
17,97,100.0
12,12,32.48
15,13,48.25
8,10,27.23
11,27,51.22
11,41,55.57
5,95,60.14
18,98,100.0
6,60,46.48
2,63,42.85
15,30,61.18
17,80,99.68
15,72,79.61
6,9,28.63
3,7,12.95
7,20,27.51
12,76,87.01
12,58,71.55
16,49,73.67
16,68,85.83
4,69,41.09
5,29,24.27
18,94,100.0
12,16,44.02
13,74,75.22
3,19,17.06
6,47,42.26
7,72,55.73
12,1,26.34
5,36,40.08
5,0,14.45
20,3,70.66
2,99,46.69
2,53,23.67
12,24,46.62
1,2,8.89
15,8,42.9
5,85,51.21
7,86,65.86
7,75,56.94
5,73,54.22
13,33,54.03
2,42,28.93
9,73,70.33
2,93,46.41
11,21,49.42
16,69,73.98
4,1,15.55
19,93,100.0
8,65,53.88
20,31,78.72
19,15,62.06
6,75,58.43
3,0,0.0
12,71,72.31
12,47,61.48
9,49,58.22
17,12,61.63
16,14,54.19
19,52,84.34
19,43,71.27
12,7,47.72
16,73,87.96
3,45,22.2
0,68,35.23
0,18,10.61
14,37,56.63
12,10,41.48
16,42,64.63
7,19,23.48
17,19,57.43
12,20,46.86
13,81,84.14
7,56,49.35
7,49,50.19
14,73,81.74
12,97,79.32
6,25,33.71
4,29,29.84
16,72,92.71
15,30,62.05
1,41,17.33
17,67,81.73
16,60,68.74
6,60,50.55
12,69,78.77
17,77,77.54
13,67,80.98
17,89,97.99
12,16,38.62
10,18,40.28
20,50,79.78
20,69,96.7
15,62,76.32
16,92,95.65
7,74,53.41
18,79,89.63
19,29,74.01
14,24,51.49
8,74,61.75
19,70,94.26
9,25,38.39
11,55,66.28
20,21,69.57
19,88,99.92
0,18,5.84
19,30,77.2
8,25,32.96
14,41,68.77
0,40,20.82
11,99,95.91
2,22,13.7
10,46,59.38
1,12,11.55
15,88,86.43
8,65,59.12
14,65,76.87
11,15,38.84
0,72,38.14
12,27,55.32
13,76,79.56
7,34,35.9
7,40,38.62
11,76,70.56
0,30,20.56
10,84,68.23
7,31,38.46
9,53,45.69
18,97,100.0
10,71,69.26
6,58,57.14
10,40,54.63
16,65,78.49
0,95,39.83
20,53,89.07
20,39,77.86
7,27,36.17
5,36,29.4
17,64,82.13
5,73,43.0
4,54,33.77
12,3,31.56
18,98,100.0
7,9,21.36
8,46,53.89
16,74,80.91
2,13,22.98
18,37,62.76
10,11,37.62
16,44,70.19
20,16,61.94
18,79,90.75
1,34,18.69
7,65,54.75
18,74,86.32
6,40,40.13
16,66,81.6
5,28,32.9
18,17,58.19
5,19,22.45
1,13,16.71
5,33,26.97
4,48,29.04
18,53,77.35
19,30,63.12
3,57,45.86
16,41,67.09
10,57,57.13
3,81,53.21
12,29,46.87
19,24,67.92
16,62,75.24
8,18,24.22
3,71,44.75
13,91,89.63
18,7,57.9
2,94,57.6
13,2,34.52
7,66,50.23
0,85,36.03
9,80,68.83
17,99,98.91
15,16,51.22
7,13,30.84
0,8,1.64
11,61,68.9
7,93,68.68
15,20,53.17
17,75,80.74
3,36,30.32
5,95,63.91
11,10,39.66
8,19,35.31
14,34,56.35
15,52,70.24
11,46,53.71
13,74,82.25
12,51,60.12
1,7,3.4
2,3,14.09
9,26,46.05
8,43,46.68
19,39,75.85
7,46,42.1
9,93,73.28
18,43,71.13
2,47,31.92
4,90,65.26
2,84,50.81
15,51,64.98
16,83,91.78
14,67,76.47
2,10,13.23
11,76,66.9
8,72,60.02
20,3,65.92
11,75,65.15
14,72,75.75
1,76,39.56
17,47,79.49
19,25,75.24
11,76,61.42
3,38,32.99
15,91,96.39
15,57,79.07
0,18,6.35
1,87,45.35
2,82,39.16
20,76,87.53
19,76,93.19
16,57,76.88
19,27,71.38
20,65,96.61
0,9,19.81
19,85,97.52
5,76,47.72
14,57,73.23
13,72,76.11
19,96,100.0
14,13,53.05
13,83,76.44
20,14,66.36
4,95,59.15
5,32,26.26
16,16,47.45
10,23,42.59
15,29,66.34
11,61,68.3
14,12,53.14
3,61,35.51
17,46,75.07
20,15,60.38
2,65,39.34
7,80,67.94
2,95,60.6
7,42,52.15
17,7,59.45
9,2,30.38
19,11,66.87
16,83,92.9
7,15,24.46
10,77,60.92
4,79,55.91
12,58,75.47
20,48,88.62
4,62,33.56
12,61,63.9
5,48,38.02
4,50,27.72
8,32,33.12
15,29,59.31
1,58,33.31
0,75,32.57
7,14,20.89
18,81,100.0
10,91,73.59
11,22,42.8
11,77,68.77
6,93,60.64
12,96,90.51
7,44,38.6
8,61,55.4
6,78,57.04
20,70,85.26
14,14,50.2
1,45,17.78
19,63,91.68
11,45,49.57
0,55,30.11
7,43,40.35
4,74,45.63
14,28,57.05
0,94,39.64
0,61,30.15
9,88,74.91
9,51,57.71
20,53,84.19
14,87,83.92
16,56,68.54
5,82,52.25
2,65,30.7
12,21,48.7
15,19,58.71
7,32,34.73
14,71,72.21
16,24,61.54
16,45,66.16
12,72,75.36
16,97,100.0
5,56,38.58
16,86,87.29
15,4,39.7
13,54,66.73
12,60,66.39
5,88,57.65
2,7,9.58
13,15,41.28
13,47,54.18
14,60,68.2
7,14,18.42
14,64,69.58
12,21,48.05
16,2,49.3
20,53,77.63
2,13,17.75
5,35,31.53
4,81,46.0
16,81,86.68
1,66,33.08
14,9,42.16
4,48,40.06
19,64,83.47
5,90,60.92
5,56,36.29
17,26,63.82
17,74,89.33
3,4,12.34
16,70,83.4
13,82,78.8
13,56,61.68
12,92,76.74
6,14,26.49
11,98,75.69
14,100,84.55
18,75,98.65
10,29,43.2
14,19,54.68
11,36,55.37
2,2,7.26
16,72,82.12
2,40,24.2
18,38,81.04
19,25,66.71
3,1,10.38
2,22,20.39
15,22,57.25
11,84,80.42
7,15,26.57
16,8,55.37
6,12,15.03
10,27,50.23
17,26,69.62
0,50,23.48
2,63,39.69
3,51,38.96
12,80,70.81
5,37,32.78
13,99,81.97
4,64,49.69
15,17,57.61
14,62,71.6
14,50,65.02
3,8,12.26
7,12,22.51
15,39,63.63
15,54,66.81
3,78,52.49
12,42,62.68
